{
        "description": "Taili TH-26", 
		"drill_dia": 1.0, 
		"cb_dia": 2.0,
		"cb_depth": 0.5, 
        "face_holes": [[5.96, 0.0], [8.5, 0.0]], 
        "temple_holes": [[-5.96, 0.0], [-8.5, 0.0]],
		"pocket_depth": 1.0,
		"face_contour": [[8.2421875, 1.9855649042], [8.0, 2.0], [2.6975, 2.0], [2.6354847108, 1.9976364737], [2.5762228145, 1.9911749707], [2.5196998025, 1.9811156829], [2.4658847638, 1.9676662808], [2.4147465308, 1.9510298578], [2.3662539359, 1.9314095075], [2.3203758115, 1.9090083235], [2.2770809901, 1.8840293992], [2.2363383041, 1.8566758281], [2.1981165858, 1.8271507039], [2.1623846677, 1.79565712], [2.1291113822, 1.76239817], [2.0982655617, 1.7275769474], [2.0698160386, 1.6913965456], [2.0437316454, 1.6540600583], [2.0199812144, 1.615770579], [1.9985335781, 1.5767312011], [1.9793575688, 1.5371450182], [1.9624220191, 1.4972151239], [1.9476957613, 1.4571446117], [1.9351476277, 1.417136575], [1.9247464509, 1.3773941075], [1.9164610633, 1.3381203026], [1.9102603124, 1.2995179994], [1.9061192149, 1.2616868427], [1.9040283936, 1.2244654197], [1.9039809014, 1.1876516648], [1.9059697915, 1.1510435123], [1.9099881167, 1.1144388967], [1.9160283556, 1.0776451255], [1.9240726751, 1.0406377298], [1.9340943244, 1.0035377252], [1.9460662588, 0.9664709227], [1.9599614336, 0.9295631333], [1.9757528042, 0.8929401682], [1.9934133256, 0.8567278382], [2.0129159533, 0.8210519546], [2.0342336426, 0.7860383282], [2.0573393486, 0.7518127703], [2.0822060268, 0.7185010916], [2.1088066323, 0.6862291035], [2.1371141205, 0.6551226167], [2.1671014467, 0.6253074425], [2.1987415661, 0.5969093918], [2.232007434, 0.5700542757], [2.2668720057, 0.5448679052], [2.3033082365, 0.5214760914], [2.3412890817, 0.5000046452], [2.3807874966, 0.4805793778], [2.4217764363, 0.4633261001], [2.4642288563, 0.4483706233], [2.5081177118, 0.4358387582], [2.5534159581, 0.4258563161], [2.6000965505, 0.4185491079], [2.6481325581, 0.4140441606], [2.6975, 0.4125], [2.6975, -0.4125], [2.6013818359, -0.4179151747], [2.5114648438, -0.4321769026], [2.4277490234, -0.4543621371], [2.350234375, -0.4839048138], [2.2789208984, -0.5202388684], [2.2138085938, -0.5627982364], [2.1548974609, -0.6110168536], [2.1021875, -0.6643286556], [2.0556787109, -0.7221675779], [2.0153710938, -0.7839675564], [1.9812646484, -0.8491625265], [1.953359375, -0.917186424], [1.9316552734, -0.9874731844], [1.9161523438, -1.0594567435], [1.9068505859, -1.1325710368], [1.90375, -1.20625], [1.9068505859, -1.2799275688], [1.9161523437, -1.3530376787], [1.9316552734, -1.4250142654], [1.953359375, -1.4952912647], [1.9812646484, -1.563302612], [2.0153710937, -1.628482243], [2.0556787109, -1.6902640934], [2.1021875, -1.7480820989], [2.1548974609, -1.801370195], [2.2138085937, -1.8495623174], [2.2789208984, -1.8920924018], [2.350234375, -1.9283943837], [2.4277490234, -1.9579021988], [2.5114648437, -1.9800497828], [2.6013818359, -1.9942710713], [2.6975, -2.0], [8.0, -2.0], [8.2421875, -1.9863554652], [8.46875, -1.9504204028], [8.6796875, -1.8945205994], [8.875, -1.8200823589], [9.0546875, -1.7285319852], [9.21875, -1.6212957823], [9.3671875, -1.4998000539], [9.5, -1.3654711041], [9.6171875, -1.2197352367], [9.71875, -1.0640187556], [9.8046875, -0.8997479647], [9.875, -0.728349168], [9.9296875, -0.5512486692], [9.96875, -0.3698727724], [9.9921875, -0.1856477813], [10.0, 0.0], [9.9921875, 0.1856442677], [9.96875, 0.369858718], [9.9296875, 0.5512170468], [9.875, 0.7282929503], [9.8046875, 0.8996601246], [9.71875, 1.0638922659], [9.6171875, 1.2195630701], [9.5, 1.3652462334], [9.3671875, 1.499515452], [9.21875, 1.6209444218], [9.0546875, 1.7281068391], [8.875, 1.8195763998], [8.6796875, 1.8939268002], [8.46875, 1.9497317363]],
		"face_pocket_contours": [
			[[2.70858, 1.20625], [2.7098, 1.20504], [2.85235, 1.191], [3.00125, 1.14583], [3.13848, 1.07248], [3.25877, 0.973766], [3.35748, 0.853484], [3.43083, 0.716255], [3.476, 0.567353], [3.49125, 0.4125], [3.49125, -0.4125], [3.476, -0.567353], [3.43083, -0.716255], [3.35748, -0.853484], [3.25877, -0.973766], [3.13848, -1.07248], [3.00125, -1.14583], [2.85235, -1.191], [2.6975, -1.20625], [8.0, -1.20625], [8.15116, -1.19773], [8.3139, -1.17192], [8.4251, -1.14245], [8.57124, -1.08675], [8.63752, -1.05299], [8.77777, -0.961317], [8.80728, -0.937157], [8.92806, -0.815001], [8.95721, -0.778751], [9.05089, -0.635113], [9.07136, -0.595993], [9.14167, -0.424594], [9.15306, -0.38771], [9.19025, -0.21502], [9.20064, -0.133394], [9.20625, 0.0], [9.20064, 0.133381], [9.19025, 0.215006], [9.15307, 0.387613], [9.14167, 0.424538], [9.07136, 0.595905], [9.05098, 0.634848], [8.95721, 0.778579], [8.92825, 0.814577], [8.80756, 0.936588], [8.77777, 0.960965], [8.63795, 1.05229], [8.57124, 1.08625], [8.42567, 1.14166], [8.3139, 1.17123], [8.14844, 1.1974], [8.0, 1.20625]],
			[[4.285, -0.4125], [8.0, -0.4125], [8.06012, -0.409111], [8.15905, -0.393422], [8.17049, -0.390388], [8.24259, -0.362911], [8.28856, -0.332861], [8.32344, -0.297586], [8.35686, -0.246341], [8.38801, -0.170389], [8.40954, -0.0704518], [8.4125, 0.0], [8.40954, 0.0704334], [8.38803, 0.170293], [8.35693, 0.24609], [8.32361, 0.297157], [8.28886, 0.332288], [8.24301, 0.362238], [8.17167, 0.389393], [8.15905, 0.392732], [8.05467, 0.40924], [8.0, 0.4125], [4.285, 0.4125]]
		],