{"face_contour": [[3.9406935582, -4.5281013448], [4.812103183799999, 4.135444508151451], [4.666323790415186, 4.216251345419947], [4.517813083947203, 4.291921329887781], [4.366752001815561, 4.362362269334946], [4.213324588679663, 4.427488342327322], [4.057717772208733, 4.487220202776869], [3.9001211353392486, 4.5414850766126165], [3.740726685297334, 4.590216850444659], [3.5797286196675335, 4.633356152113137], [3.4173230897929643, 4.670850423024068],[3.2537079617951257, 4.702653982183895], [3.089082575504504, 4.7287280818547455], [2.923647501595699, 4.749040954762577], [2.7576042972229473, 4.763567852800712], [2.5911552604537826, 4.772291077181585], [2.4245031837999997, 4.775199999999999], [2.257851107146217, 4.772291077181585], [2.0914020703770535, 4.763567852800712], [1.9253588660043015, 4.749040954762577], [1.7599237920954958, 4.7287280818547455], [1.5952984058048743, 4.702653982183895],[1.4316832778070354, 4.670850423024067], [1.2692777479324673, 4.633356152113137], [1.1082796823026662, 4.590216850444659], [0.9488852322607515, 4.5414850766126165], [0.9083128094, 4.5281013448], [-0.0, -4.1139177619], [0.03690318380000024, -4.135444508151451], [0.18268257718481618, -4.216251345419948], [0.331193283652798, -4.291921329887782], [0.48225436578444114, -4.362362269334948], [0.6356817789203375, -4.427488342327323], [0.7912885953912654,-4.48722020277687], [0.9488852322607522, -4.541485076612617], [1.1082796823026648, -4.590216850444659], [1.2692777479324684, -4.633356152113139], [1.4316832778070354, -4.670850423024068], [1.5952984058048763, -4.702653982183896], [1.7599237920954958, -4.728728081854746], [1.9253588660043035, -4.749040954762579], [2.0914020703770535, -4.763567852800713], [2.257851107146216, -4.772291077181586], [2.424503183800001, -4.7752], [2.5911552604537818, -4.772291077181586],[2.7576042972229486, -4.763567852800713], [2.923647501595698, -4.749040954762579], [3.0890825755045066, -4.728728081854746], [3.2537079617951257, -4.702653982183896], [3.417323089792967, -4.670850423024068], [3.579728619667534, -4.633356152113138], [3.740726685297333, -4.590216850444661], [3.9001211353392495, -4.541485076612617], [3.9406935582, -4.5281013448]], "description": "th23", "drill_dia": 1.0, "pocket_depth": 1.0, "temple_contour": [[-3.4036, -4.1582249307],[-3.4036, 2.2091548452], [-8.4583368435, 0.7618583986], [-8.510699298844882, 0.7463590012760615], [-8.61230367254702, 0.7133457390368276], [-8.712694005373299, 0.6768066460799846], [-8.81174798716712, 0.6367862396618831], [-8.909344935909758, 0.5933332784830738], [-9.005365944752832, 0.546500703283336], [-9.099694026887963, 0.4963455723415482], [-9.192214258077204, 0.44292899195895385], [-9.282813916670491, 0.38631604201055847], [-9.371382620939647,0.3265756966553153], [-9.457812463561474, 0.2637807403017485], [-9.541998143086236, 0.19800767893135074], [-9.623837092231245, 0.12933664688783741], [-9.703229602843287, 0.05785130924579507], [-9.780078947377666, -0.016361240122335197], [-9.854291496745795, -0.09321058465671106], [-9.925776834387838, -0.1726030952687556], [-9.994447866431349, -0.25444204441376295], [-10.06022092780175, -0.33862772393852736], [-10.123015884155317, -0.425057566560354], [-10.182756229510558,-0.5136262708295061], [-10.239369179458954, -0.6042259294227981], [-10.292785759841546, -0.696746160612036], [-10.342940890783336, -0.7910742427471702], [-10.389773465983072, -0.8870952515902413], [-10.433226427161884, -0.9846922003328811], [-10.473246833579985, -1.0837461821266996], [-10.509785926536829, -1.1841365149529821], [-10.542799188776062, -1.2857408886551198], [-10.57224639872295, -1.3884355139547164], [-10.598091679488167, -1.492095273269733], [-10.620303542578263,-1.5965938731510088], [-10.638854926259537, -1.7018039981513662], [-10.653723228528593, -1.8075974659398648], [-10.664890334649403, -1.9138453834722438], [-10.672342639223324, -2.0204183040272214], [-10.676071062765166, -2.1271863849174077], [-10.676071062765166, -2.2340195456825938], [-10.672342639223324, -2.3407876265727796], [-10.664890334649403, -2.4473605471277575], [-10.653723228528593, -2.553608464660134], [-10.638854926259537, -2.659401932448635], [-10.620303542578263,-2.76461205744899], [-10.598091679488167, -2.8691106573302685], [-10.57224639872295, -2.9727704166452846], [-10.542799188776062, -3.075465041944881], [-10.509785926536829, -3.177069415647019], [-10.473246833579983, -3.2774597484733015], [-10.433226427161882, -3.3765137302671198], [-10.389773465983072, -3.4741106790097573], [-10.342940890783336, -3.5701316878528306], [-10.292785759841548, -3.664459769987962], [-10.239369179458954, -3.7569800011772028], [-10.182756229510558,-3.847579659770492], [-10.123015884155315, -3.9361483640396466], [-10.060220927801748, -4.022578206661473], [-9.994447866431349, -4.106763886186238], [-9.925776834387836, -4.1886028353312454], [-9.854291496745795, -4.267995345943287], [-9.780078947377664, -4.344844690477665], [-9.703229602843289, -4.4190572398457935], [-9.623837092231245, -4.4905425774878385], [-9.541998143086236, -4.55921360953135], [-9.457812463561472, -4.624986670901749], [-9.371382620939645,-4.687781627255316], [-9.282813916670491, -4.747521972610559], [-9.192214258077202, -4.804134922558954], [-9.099694026887963, -4.857551502941547], [-9.00536594475283, -4.907706633883336], [-8.909344935909758, -4.954539209083073], [-8.811747987167118, -4.997992170261883], [-8.7126940053733, -5.038012576679984], [-8.612303672547018, -5.074551669636828], [-8.51069929884488, -5.107564931876061], [-8.408004673545284, -5.13701214182295], [-8.304344914230267,-5.162857422588168], [-8.19984631434899, -5.185069285678264], [-8.094636189348634, -5.2036206693595375], [-7.988842721560135, -5.218488971628593], [-7.8825948040277565, -5.229656077749404], [-7.776021883472779, -5.237108382323322], [-7.669253802582592, -5.2408368058651655], [-7.562420641817406, -5.2408368058651655], [-7.45565256092722, -5.237108382323322], [-7.349079640372242, -5.229656077749404], [-7.242831722839866, -5.218488971628593], [-7.1370382550513645,-5.203620669359537], [-7.03182813005101, -5.185069285678264], [-6.9273295301697315, -5.162857422588168], [-6.823669770854715, -5.13701214182295], [-6.7733376009, -5.1230643292], [-3.4036, -4.1582249307]], "face_holes": [[2.7603635891, 3.195498302], [2.0886427785, -3.195498302]], "cb_depth": 0.5, "cb_dia": 2.0, "temple_holes": [[-9.0809632125, -2.6001048515], [-7.0053680596, -2.0058105128]]}