{"face_holes": [[2.114469231471899, -3.295585805819358], [2.899278348008763, 3.215951063828611]], "face_contour": [[3.932864871255487, -4.596812848256675], [4.955341500362466, 4.050205309737766], [4.810994583657124, 4.133544040958499], [4.663827119411121, 4.211794369732949], [4.514018408520542, 4.284860960078877], [4.361750969814365, 4.352654791635253], [4.207210317722041, 4.415093268039033], [4.050584736216521, 4.472100317625717], [3.892065049446599, 4.523606486096467], [3.73184438922797, 4.569549021118869], [3.570117959751791, 4.609871948784928], [3.407082799778884, 4.644526141821794], [3.242937542507526, 4.673469379431721], [3.077882173684517, 4.696666398741476], [2.912117787817659, 4.71408893775353], [2.745846343299498, 4.725715769785012], [2.579270416271318, 4.731532729337287], [2.41259295383644, 4.731532729335637], [2.24601702680363, 4.725715769785765], [2.079745582279039, 4.714088937751686], [1.913981196428162, 4.696666398739305], [1.748925827586949, 4.673469379432582], [1.584780570332817, 4.644526141821654], [1.421745410346656, 4.609871948785852], [1.260018980875697, 4.569549021117433], [1.099798320660193, 4.523606486098554], [1.058998498848515, 4.510932879109649], [0.0, -4.1139177619], [0.0365218697415354, -4.136085278884786], [0.180868786451877, -4.219424010105609], [0.3280362506958808, -4.297674338880026], [0.4778449615874606, -4.370740929225967], [0.6301124002896374, -4.438534760782274], [0.7846530523829618, -4.500973237186074], [0.9412786338884808, -4.557980286772756], [1.099798320657405, -4.609486455243491], [1.260018980876032, -4.655428990265889], [1.421745410352212, -4.69575191793195], [1.584780570325119, -4.730406110968816], [1.748925827596477, -4.759349348578745], [1.913981196419485, -4.782546367888497], [2.079745582286343, -4.799968906900554], [2.246017026804506, -4.811595738932033], [2.412592953832685, -4.817412698484309], [2.579270416267562, -4.81741269848266], [2.745846343300372, -4.811595738932787], [2.912117787824964, -4.799968906898711], [3.07788217367584, -4.782546367886328], [3.242937542517053, -4.759349348579602], [3.407082799771185, -4.730406110968675], [3.570117959757346, -4.695751917932871], [3.731844389228304, -4.655428990264456], [3.89206504944481, -4.609486455245596], [3.932864871255487, -4.596812848256675]], "description": "th23", "temple_contour": [[-1.607476669110203, -3.125196537679168], [-5.099402735566857, -3.429332872597762], [-5.151471529905399, -3.433420593831912], [-5.258158279542506, -3.439011809462754], [-5.364975169098579, -3.440876305205558], [-5.471792058655329, -3.439011809461725], [-5.578478808288281, -3.433420593835264], [-5.68490543662046, -3.424109470358344], [-5.790942279209805, -3.411089783197191], [-5.896460146487883, -3.394377394852377], [-6.001330481183533, -3.373992666774859], [-6.105425514957785, -3.349960434613868], [-6.208618424050644, -3.322309977962231], [-6.310783483782781, -3.291074984629644], [-6.411796221777545, -3.256293509643282], [-6.511533569568648, -3.218007928877734], [-6.609874012561435, -3.176264887412213], [-6.706697738080638, -3.131115242707725], [-6.801886781313975, -3.082614002671778], [-6.895325169102775, -3.030820258569234], [-6.986899061134575, -2.975797113110279], [-7.076496888754627, -2.917611603520474], [-7.164009490790466, -2.856334619883994], [-7.249330246625068, -2.79204081876502], [-7.332355206068535, -2.724808532256009], [-7.412983215984744, -2.654719672542815], [-7.491116043562501, -2.581859632099719], [-7.56665849599699, -2.506317179672043], [-7.639518536436121, -2.428184352084781], [-7.709607396156935, -2.347556342169205], [-7.776839682662525, -2.264531382735263], [-7.841133483780217, -2.179210626899987], [-7.902410467421197, -2.091698024858418], [-7.960595977008714, -2.002100197238198], [-8.015619122464157, -1.910526305202025], [-8.06741286656195, -1.817087917426389], [-8.115914106605105, -1.721898874179878], [-8.16106375134988, -1.625075148657584], [-8.202806792761347, -1.526734705673275], [-8.241092373579496, -1.42699735787545], [-8.27587384848342, -1.32598461989699], [-8.307108841873468, -1.223819560146791], [-8.334759298528846, -1.12062665106257], [-8.358791530703167, -1.016531617285132], [-8.379176258762723, -0.9116612825817756], [-8.395888647060982, -0.8061434153220877], [-8.40890833427548, -0.7001065727176095], [-8.418219457707858, -0.5936799444013094], [-8.42381067336815, -0.4869931947584845], [-8.425675169120769, -0.3801763052005045], [-8.423810673396568, -0.2733594156399366], [-8.418219457701392, -0.1666726660203406], [-8.408908334204847, -0.0602460376919816], [-8.39588864707314, 0.0457908049030908], [-8.379176258777404, 0.151308672190708], [-8.35879153069989, 0.2561790068863596], [-8.334759298489816, 0.3602740406510672], [-8.307108841808729, 0.4634669497382033], [-8.275873848495776, 0.5656320094741518], [-8.241092373578129, 0.6666447474822761], [-8.20280679279295, 0.7663820952695579], [-8.161063751317615, 0.8647225382604378], [-8.115914106583674, 0.9615462637739205], [-8.067412866586986, 1.056735307014892], [-8.015619122425552, 1.150173694792239], [-7.960595977025489, 1.241747586835491], [-7.902410467455896, 1.331345414456408], [-7.84113348379921, 1.41885801649138], [-7.776839682679658, 1.504178772328926], [-7.709607396112704, 1.58720373175604], [-7.639518536478231, 1.667831741686528], [-7.566658495985481, 1.745964569257695], [-7.491116043606889, 1.82150702170172], [-7.412983215980171, 1.894367062134201], [-7.332355206065551, 1.964455921850105], [-7.249330246630652, 2.031688208360602], [-7.164009490794938, 2.095982009480555], [-7.07649688875444, 2.157258993116033], [-6.986899061134582, 2.215444502701692], [-6.895325169097986, 2.270467648159292], [-6.801886781321776, 2.322261392260033], [-6.706697738075074, 2.370762632304162], [-6.609874012561749, 2.415912277002804], [-6.511533569566753, 2.457655318469242], [-6.411796221778852, 2.495940899236348], [-6.310783483784555, 2.530722374221749], [-6.208618424045615, 2.56195736755388], [-6.105425514961393, 2.589607824209254], [-6.001330481187961, 2.613640056362961], [-5.896460146481171, 2.634024784440188], [-5.790942279210607, 2.6507371727944], [-5.684905436617769, 2.663756859949022], [-5.630547602631625, 2.668980262190439], [-0.3925233308897963, 3.125196537679168], [-1.607476669110203, -3.125196537679168]], "temple_holes": [[-7.317716462361936, -0.5515769207624375], [-4.827229717132571, -0.3336875638932946]]}