{"face_holes": [[1.5, -1.75], [1.5, 1.75]], "face_contour": [[-0.5000000000011524, 2.999999999998463], [-0.3525123670208816, 3.1787489181039703], [-0.18910682809329837, 3.3430730108408495], [-0.011187462373940082, 3.4915603062840423], [0.17971693940945466, 3.622934911842866], [0.38196601125091245, 3.7360679775013255], [0.5938219068824097, 3.8299873955797414], [0.813464232399392, 3.9038861536715004], [1.039005688185479, 3.9571292689814177], [1.2685082857314833, 3.98925924448171], [1.500000000004035, 4.000000000002977], [1.7314917142765949, 3.9892592444818877], [1.9609943118226232, 3.957129268981772], [2.186535767608751, 3.903886153672028], [2.4061780931257903, 3.8299873955804378], [2.61803398875736, 3.7360679775021843], [2.8202830605989053, 3.6229349118438803], [3.0111874623824004, 3.491560306285203], [3.189106828101872, 3.343073010842147], [3.3525123670295818, 3.178748918105394], [3.5, 3.0], [3.500000000001152, -2.999999999998463], [3.352512367020881, -3.1787489181039703], [3.1891068280932986, -3.3430730108408495], [3.011187462373941, -3.4915603062840415], [2.8202830605905467, -3.6229349118428655], [2.618033988749088, -3.7360679775013246], [2.4061780931175907, -3.829987395579741], [2.1865357676006085, -3.9038861536715], [1.9609943118145223, -3.957129268981417], [1.7314917142685182, -3.9892592444817088], [1.4999999999959663, -4.000000000002977], [1.2685082857234065, -3.989259244481887], [1.0390056881773784, -3.957129268981771], [0.813464232391251, -3.903886153672028], [0.5938219068742122, -3.8299873955804378], [0.38196601124264173, -3.7360679775021834], [0.17971693940109712, -3.6229349118438803], [-0.011187462382398206, -3.491560306285203], [-0.18910682810186952, -3.3430730108421476], [-0.3525123670295791, -3.178748918105395], [-0.5, -3.0], [-0.5000000000011524, 2.999999999998463]], "description": "th30", "temple_holes": [[-9.062078053604127, -0.1211112120716549], [-4.212078053542864, -0.1211112120028792]]}